{"cameraMode":{"drawMode":0,"name":"Shaded","section":"Shading Mode"},"sceneLighting":true,"audioPlay":false,"sceneViewState":{"m_AlwaysRefresh":true,"showFog":true,"showSkybox":true,"showFlares":true,"showImageEffects":true,"showParticleSystems":true,"showVisualEffectGraphs":true,"m_FxEnabled":true},"in2DMode":false,"pivot":{"x":-14.182293891906739,"y":0.5755712389945984,"z":0.23893052339553834},"rotation":{"x":-0.030762672424316407,"y":-0.6838128566741943,"z":0.0018850640626624227,"w":0.7292466759681702},"size":12.38223934173584,"orthographic":false}